-- phpMyAdmin SQL Dump
-- version 5.1.1
-- https://www.phpmyadmin.net/
--
-- Host: 127.0.0.1:3306
-- Generation Time: Jan 01, 2023 at 01:42 PM
-- Server version: 10.5.17-MariaDB-cll-lve
-- PHP Version: 7.2.34

SET SQL_MODE = "NO_AUTO_VALUE_ON_ZERO";
START TRANSACTION;
SET time_zone = "+00:00";


/*!40101 SET @OLD_CHARACTER_SET_CLIENT=@@CHARACTER_SET_CLIENT */;
/*!40101 SET @OLD_CHARACTER_SET_RESULTS=@@CHARACTER_SET_RESULTS */;
/*!40101 SET @OLD_COLLATION_CONNECTION=@@COLLATION_CONNECTION */;
/*!40101 SET NAMES utf8mb4 */;

--
-- Database: `u571771214_vtower`
--

-- --------------------------------------------------------

--
-- Table structure for table `activity_logs`
--

CREATE TABLE `activity_logs` (
  `id` bigint(20) UNSIGNED NOT NULL,
  `user_id` varchar(255) COLLATE utf8mb4_unicode_ci NOT NULL,
  `user_name` varchar(255) COLLATE utf8mb4_unicode_ci NOT NULL,
  `activity` varchar(255) COLLATE utf8mb4_unicode_ci NOT NULL,
  `created_at` timestamp NULL DEFAULT NULL,
  `updated_at` timestamp NULL DEFAULT NULL
) ENGINE=InnoDB DEFAULT CHARSET=utf8mb4 COLLATE=utf8mb4_unicode_ci;

--
-- Dumping data for table `activity_logs`
--

INSERT INTO `activity_logs` (`id`, `user_id`, `user_name`, `activity`, `created_at`, `updated_at`) VALUES
(1, '1', 'Admin', 'تم اضافه اسئله شائعه جديده', '2022-10-31 06:24:16', '2022-10-31 06:24:16'),
(2, '1', 'Admin', 'تم تعديل  اسئله شائعه', '2022-10-31 06:31:17', '2022-10-31 06:31:17'),
(3, '1', 'Admin', 'تم اضافه قسم جديده', '2022-11-09 08:42:07', '2022-11-09 08:42:07'),
(4, '1', 'Admin', 'تم اضافه قسم جديده', '2022-11-10 07:25:50', '2022-11-10 07:25:50'),
(5, '1', 'Admin', 'تم اضافه قسم جديده', '2022-11-10 07:26:00', '2022-11-10 07:26:00'),
(6, '1', 'Admin', 'تم اضافه قسم جديده', '2022-11-10 07:26:15', '2022-11-10 07:26:15'),
(7, '1', 'Admin', 'تم اضافه قسم جديده', '2022-12-20 09:47:04', '2022-12-20 09:47:04'),
(8, '1', 'Admin', 'تم تعديل قسم جديده', '2022-12-20 09:54:26', '2022-12-20 09:54:26'),
(9, '1', 'Admin', 'تم اضافه قسم جديده', '2022-12-25 06:47:40', '2022-12-25 06:47:40'),
(10, '1', 'Admin', 'تم اضافه قسم جديده', '2022-12-25 06:48:36', '2022-12-25 06:48:36'),
(11, '1', 'Admin', 'تم اضافه قسم جديده', '2022-12-25 06:49:18', '2022-12-25 06:49:18'),
(12, '1', 'Admin', 'تم اضافه قسم جديده', '2022-12-25 06:50:47', '2022-12-25 06:50:47'),
(13, '1', 'Admin', 'تم اضافه قسم جديده', '2022-12-25 06:51:29', '2022-12-25 06:51:29'),
(14, '1', 'Admin', 'تم اضافه قسم جديده', '2022-12-25 07:07:48', '2022-12-25 07:07:48'),
(15, '1', 'Admin', 'تم اضافه قسم جديده', '2022-12-25 07:08:31', '2022-12-25 07:08:31'),
(16, '1', 'Admin', 'تم اضافه قسم جديده', '2022-12-25 07:10:10', '2022-12-25 07:10:10'),
(17, '1', 'Admin', 'تم اضافه قسم جديده', '2022-12-25 07:11:12', '2022-12-25 07:11:12'),
(18, '1', 'Admin', 'تم اضافه قسم جديده', '2022-12-25 07:11:55', '2022-12-25 07:11:55'),
(19, '1', 'Admin', 'تم اضافه قسم جديده', '2022-12-25 07:12:28', '2022-12-25 07:12:28'),
(20, '1', 'Admin', 'تم اضافه قسم جديده', '2022-12-25 07:12:59', '2022-12-25 07:12:59'),
(21, '1', 'Admin', 'تم اضافه قسم جديده', '2022-12-25 07:13:14', '2022-12-25 07:13:14'),
(22, '1', 'Admin', 'تم اضافه قسم جديده', '2022-12-25 07:13:27', '2022-12-25 07:13:27'),
(23, '1', 'Admin', 'تم اضافه قسم جديده', '2022-12-25 07:13:40', '2022-12-25 07:13:40'),
(24, '1', 'Admin', 'تم اضافه قسم جديده', '2022-12-25 07:14:00', '2022-12-25 07:14:00'),
(25, '1', 'Admin', 'تم اضافه قسم جديده', '2022-12-25 08:13:28', '2022-12-25 08:13:28'),
(26, '1', 'Admin', 'تم اضافه قسم جديده', '2022-12-25 08:42:37', '2022-12-25 08:42:37'),
(27, '1', 'Admin', 'تم اضافه قسم جديده', '2022-12-25 09:05:46', '2022-12-25 09:05:46'),
(28, '1', 'Admin', 'تم اضافه قسم جديده', '2022-12-25 09:28:57', '2022-12-25 09:28:57'),
(29, '1', 'Admin', 'تم اضافه قسم جديده', '2022-12-25 09:34:05', '2022-12-25 09:34:05'),
(30, '1', 'Admin', 'تم اضافه قسم جديده', '2022-12-25 09:34:37', '2022-12-25 09:34:37'),
(31, '1', 'Admin', 'تم اضافه قسم جديده', '2022-12-25 10:07:21', '2022-12-25 10:07:21'),
(32, '1', 'Admin', 'تم اضافه قسم جديده', '2022-12-25 10:07:57', '2022-12-25 10:07:57'),
(33, '1', 'Admin', 'تم اضافه قسم جديده', '2022-12-25 10:14:41', '2022-12-25 10:14:41'),
(34, '1', 'Admin', 'تم اضافه قسم جديده', '2022-12-25 10:15:34', '2022-12-25 10:15:34'),
(35, '1', 'Admin', 'تم اضافه قسم جديده', '2022-12-25 10:16:16', '2022-12-25 10:16:16'),
(36, '1', 'Admin', 'تم اضافه قسم جديده', '2022-12-25 10:16:54', '2022-12-25 10:16:54'),
(37, '1', 'Admin', 'تم اضافه قسم جديده', '2022-12-25 13:25:48', '2022-12-25 13:25:48'),
(38, '1', 'Admin', 'تم اضافه قسم جديده', '2022-12-25 13:26:17', '2022-12-25 13:26:17'),
(39, '1', 'Admin', 'تم اضافه قسم جديده', '2022-12-25 13:26:44', '2022-12-25 13:26:44'),
(40, '1', 'Admin', 'تم اضافه قسم جديده', '2022-12-25 13:27:17', '2022-12-25 13:27:17'),
(41, '1', 'Admin', 'تم اضافه قسم جديده', '2022-12-25 13:27:41', '2022-12-25 13:27:41'),
(42, '1', 'Admin', 'تم اضافه قسم جديده', '2022-12-25 13:29:32', '2022-12-25 13:29:32'),
(43, '1', 'Admin', 'تم اضافه قسم جديده', '2022-12-25 13:30:00', '2022-12-25 13:30:00'),
(44, '1', 'Admin', 'تم اضافه قسم جديده', '2022-12-26 09:49:11', '2022-12-26 09:49:11'),
(45, '1', 'Admin', 'تم اضافه قسم جديده', '2022-12-26 09:49:56', '2022-12-26 09:49:56'),
(46, '1', 'Admin', 'تم اضافه قسم جديده', '2022-12-26 09:53:12', '2022-12-26 09:53:12'),
(47, '1', 'Admin', 'تم اضافه قسم جديده', '2022-12-26 09:54:04', '2022-12-26 09:54:04'),
(48, '1', 'Admin', 'تم اضافه قسم جديده', '2022-12-26 09:54:39', '2022-12-26 09:54:39'),
(49, '1', 'Admin', 'تم اضافه قسم جديده', '2022-12-26 09:55:10', '2022-12-26 09:55:10'),
(50, '1', 'Admin', 'تم اضافه قسم جديده', '2022-12-26 09:55:37', '2022-12-26 09:55:37'),
(51, '1', 'Admin', 'تم اضافه قسم جديده', '2022-12-26 09:56:00', '2022-12-26 09:56:00'),
(52, '1', 'Admin', 'تم اضافه قسم جديده', '2022-12-26 09:56:30', '2022-12-26 09:56:30'),
(53, '1', 'Admin', 'تم اضافه قسم جديده', '2022-12-26 09:57:24', '2022-12-26 09:57:24'),
(54, '1', 'Admin', 'تم اضافه قسم جديده', '2022-12-26 09:57:44', '2022-12-26 09:57:44'),
(55, '1', 'Admin', 'تم اضافه قسم جديده', '2022-12-26 09:58:15', '2022-12-26 09:58:15'),
(56, '1', 'Admin', 'تم اضافه قسم جديده', '2022-12-26 09:58:52', '2022-12-26 09:58:52'),
(57, '1', 'Admin', 'تم اضافه قسم جديده', '2022-12-26 09:59:13', '2022-12-26 09:59:13'),
(58, '1', 'Admin', 'تم اضافه قسم جديده', '2022-12-26 09:59:40', '2022-12-26 09:59:40'),
(59, '1', 'Admin', 'تم اضافه قسم جديده', '2022-12-26 10:00:05', '2022-12-26 10:00:05'),
(60, '1', 'Admin', 'تم اضافه قسم جديده', '2022-12-26 10:00:33', '2022-12-26 10:00:33'),
(61, '1', 'Admin', 'تم اضافه قسم جديده', '2022-12-26 10:01:01', '2022-12-26 10:01:01'),
(62, '1', 'Admin', 'تم اضافه قسم جديده', '2022-12-26 10:01:52', '2022-12-26 10:01:52'),
(63, '1', 'Admin', 'تم اضافه قسم جديده', '2022-12-26 10:02:17', '2022-12-26 10:02:17'),
(64, '1', 'Admin', 'تم اضافه قسم جديده', '2022-12-26 10:02:39', '2022-12-26 10:02:39'),
(65, '1', 'Admin', 'تم اضافه قسم جديده', '2022-12-26 10:13:56', '2022-12-26 10:13:56'),
(66, '1', 'Admin', 'تم اضافه قسم جديده', '2022-12-26 10:14:22', '2022-12-26 10:14:22'),
(67, '1', 'Admin', 'تم اضافه قسم جديده', '2022-12-26 10:14:50', '2022-12-26 10:14:50'),
(68, '1', 'Admin', 'تم اضافه قسم جديده', '2022-12-26 10:15:31', '2022-12-26 10:15:31'),
(69, '1', 'Admin', 'تم اضافه قسم جديده', '2022-12-27 06:41:49', '2022-12-27 06:41:49');

-- --------------------------------------------------------

--
-- Table structure for table `categories`
--

CREATE TABLE `categories` (
  `id` bigint(20) UNSIGNED NOT NULL,
  `name_ar` varchar(255) COLLATE utf8mb4_unicode_ci NOT NULL,
  `name_en` varchar(255) COLLATE utf8mb4_unicode_ci NOT NULL,
  `parent_id` int(11) NOT NULL,
  `created_at` timestamp NULL DEFAULT NULL,
  `updated_at` timestamp NULL DEFAULT NULL
) ENGINE=InnoDB DEFAULT CHARSET=utf8mb4 COLLATE=utf8mb4_unicode_ci;

-- --------------------------------------------------------

--
-- Table structure for table `companies`
--

CREATE TABLE `companies` (
  `id` bigint(20) UNSIGNED NOT NULL,
  `name_ar` varchar(255) COLLATE utf8mb4_unicode_ci NOT NULL,
  `name_en` varchar(255) COLLATE utf8mb4_unicode_ci NOT NULL,
  `image` varchar(255) COLLATE utf8mb4_unicode_ci NOT NULL,
  `created_at` timestamp NULL DEFAULT NULL,
  `updated_at` timestamp NULL DEFAULT NULL
) ENGINE=InnoDB DEFAULT CHARSET=utf8mb4 COLLATE=utf8mb4_unicode_ci;

--
-- Dumping data for table `companies`
--

INSERT INTO `companies` (`id`, `name_ar`, `name_en`, `image`, `created_at`, `updated_at`) VALUES
(1, 'مجموعة شركات جندلة', 'مجموعة شركات جندلة', '202211092143logo.png', '2022-11-09 08:41:46', '2022-11-09 19:43:58'),
(2, 'منصه جهات', 'Jehate', '202211200910logo-5.png', '2022-11-20 07:10:28', '2022-11-20 07:10:28'),
(3, 'شركة أصول للاتصالات', 'Osool Company', '202211200911logo.png', '2022-11-20 07:11:54', '2022-11-20 07:11:54'),
(4, 'شركة الخدمات العامة11', 'General Services Company11', '202212221138جندلة للخدمات العامه.png', '2022-12-22 11:38:46', '2022-12-25 10:07:39'),
(5, 'شركة القناديل المشرقة', 'Al-Qanadil Al-Mashreqa Company', '2022122211421500x500.jpeg', '2022-12-22 11:42:15', '2022-12-22 11:42:15'),
(6, 'شركة تجارة البتروكيمياويات', 'Petrochemical trading company', '202212221148png-transparent-oil-refinery-petrochemical-chemical-plant-chemical-industry-others-blue-text-logo.png', '2022-12-22 11:48:30', '2022-12-22 11:48:30'),
(7, 'إدارة تكنولوجيا المعلومات', 'Information technology management', '202212221149IT.jpeg', '2022-12-22 11:49:46', '2022-12-22 11:49:46'),
(8, 'إدارة المــوارد البشريـــة و التدريب', 'Human resource management and training', '202212221151HR.png', '2022-12-22 11:51:14', '2022-12-22 11:51:14'),
(9, 'إدارة الشئون القانونية', 'Department of Legal Affairs', '202212221152القانون.jpeg', '2022-12-22 11:52:40', '2022-12-22 11:52:40'),
(10, 'الفـــروع الخارجيــــــة', 'foreign branches', '202212221155Blog-Image-Creating-a-Foreign-Branch-vs-Subsidiary-Which-One-Is-Right-for-Your-Business.jpg', '2022-12-22 11:55:38', '2022-12-22 11:55:38'),
(11, 'شركه جندله لحلول الأعمـال', 'Jandala Business Solutions Company', '202212221200maxresdefault.jpg', '2022-12-22 12:00:15', '2022-12-22 12:00:15'),
(12, 'الجمعية التعاونية', 'Cooperative Association', '202212221204images.jpeg', '2022-12-22 12:04:30', '2022-12-22 12:04:30');

-- --------------------------------------------------------

--
-- Table structure for table `departments`
--

CREATE TABLE `departments` (
  `id` bigint(20) UNSIGNED NOT NULL,
  `company_id` varchar(255) COLLATE utf8mb4_unicode_ci NOT NULL,
  `name_ar` varchar(255) COLLATE utf8mb4_unicode_ci NOT NULL,
  `name_en` varchar(255) COLLATE utf8mb4_unicode_ci NOT NULL,
  `created_at` timestamp NULL DEFAULT NULL,
  `updated_at` timestamp NULL DEFAULT NULL
) ENGINE=InnoDB DEFAULT CHARSET=utf8mb4 COLLATE=utf8mb4_unicode_ci;

--
-- Dumping data for table `departments`
--

INSERT INTO `departments` (`id`, `company_id`, `name_ar`, `name_en`, `created_at`, `updated_at`) VALUES
(1, '1', 'it', 'cat1', '2022-11-09 08:42:07', '2022-11-09 08:42:07'),
(2, '1', 'hr', 'قفقف', '2022-11-10 07:25:50', '2022-11-10 07:25:50'),
(3, '1', 'Account', 'قثفثفق', '2022-11-10 07:26:00', '2022-11-10 07:26:00'),
(4, '1', 'Mangers', 'اتالتبلالتلات', '2022-11-10 07:26:15', '2022-11-10 07:26:15'),
(5, '2', 'قسم البرمجه', 'It Team', '2022-12-20 09:47:04', '2022-12-20 09:54:26'),
(6, '1', 'مراقب عام', 'general Monitor', '2022-12-25 06:47:40', '2022-12-25 06:47:40'),
(7, '1', 'المدير المالي للمجموعة', 'Group Chief Financial Officer', '2022-12-25 06:48:36', '2022-12-25 06:48:36'),
(8, '1', 'مدير المراجعة والرقابة المالية', 'Director of Audit and Financial Control', '2022-12-25 06:49:18', '2022-12-25 06:49:18'),
(9, '1', 'السكرتير المالي للمجموعة', 'Group financial secretary', '2022-12-25 06:50:47', '2022-12-25 06:50:47'),
(10, '1', 'مديرة التطوير لمنصة جهات', 'Development Manager for the Jehat platform', '2022-12-25 06:51:29', '2022-12-25 06:51:29'),
(11, '4', 'المدير التنفيـــذي', 'Executive Director', '2022-12-25 07:07:48', '2022-12-25 07:07:48'),
(12, '4', 'نائب المدير التنفيذي للخدمات العامه', 'Deputy Executive Director of General Services', '2022-12-25 07:08:31', '2022-12-25 07:08:31'),
(13, '4', 'مدير الدعـم الفنـي', 'Technical support manager', '2022-12-25 07:10:10', '2022-12-25 07:10:10'),
(14, '4', 'نائب مدير الدعم الفنى', 'Deputy Director of Technical Support', '2022-12-25 07:11:12', '2022-12-25 07:11:12'),
(15, '4', 'مسئول دعـم فنـي', 'Technical support officer', '2022-12-25 07:11:55', '2022-12-25 07:11:55'),
(16, '4', 'معقب', 'Expeditor', '2022-12-25 07:12:28', '2022-12-25 07:12:28'),
(17, '0', 'مسئول علاقات عامه', 'Public relations officer', '2022-12-25 07:12:59', '2022-12-25 07:12:59'),
(18, '0', 'مسئول علاقات عامه', 'Public relations officer', '2022-12-25 07:13:14', '2022-12-25 07:13:14'),
(19, '4', 'مسئول علاقات عامه', 'Public relations officer', '2022-12-25 07:13:27', '2022-12-25 07:13:27'),
(20, '4', 'مسئول علاقات عامه', 'Public relations officer', '2022-12-25 07:13:40', '2022-12-25 07:13:40'),
(21, '4', 'مسئول علاقات عامه', 'Public relations officer', '2022-12-25 07:14:00', '2022-12-25 07:14:00'),
(22, '4', 'مسئول علاقات عامه', 'Public relations officer', '2022-12-25 08:13:28', '2022-12-25 08:13:28'),
(23, '4', 'مسئول علاقات عامه', 'Public relations officer', '2022-12-25 08:42:37', '2022-12-25 08:42:37'),
(24, '4', 'مسئول علاقات عامه', 'Public relations officer', '2022-12-25 09:05:46', '2022-12-25 09:05:46'),
(25, '4', 'مسئول علاقات عامه', 'Public relations officer', '2022-12-25 09:28:57', '2022-12-25 09:28:57'),
(26, '4', 'مسئول علاقات عامه', 'Public relations officer', '2022-12-25 09:34:05', '2022-12-25 09:34:05'),
(27, '4', 'مسئول علاقات عامه', 'Public relations officer', '2022-12-25 09:34:37', '2022-12-25 09:34:37'),
(28, '4', 'تجربه جديده', 'test', '2022-12-25 10:07:21', '2022-12-25 10:07:21'),
(29, '2', 'صفحه جديده للتجربه', 'test', '2022-12-25 10:07:57', '2022-12-25 10:07:57'),
(30, '4', 'نائب المدير التنفيذي للخدمات الماليه', 'Executive Vice President of Financial Services', '2022-12-25 10:14:41', '2022-12-25 10:14:41'),
(31, '4', 'محاسب الزكاة والضريبة', 'Zakat and tax accountant', '2022-12-25 10:15:34', '2022-12-25 10:15:34'),
(32, '4', 'رئيس الحسابــات', 'Head of accounts', '2022-12-25 10:16:16', '2022-12-25 10:16:16'),
(33, '4', 'محاسب', 'Accountant', '2022-12-25 10:16:54', '2022-12-25 10:16:54'),
(34, '6', 'مدير العمليات', 'actions Director', '2022-12-25 13:25:48', '2022-12-25 13:25:48'),
(35, '6', 'دعم لوجستي', 'Logistical support', '2022-12-25 13:26:17', '2022-12-25 13:26:17'),
(36, '6', 'مساعد إداري', 'manager assistant', '2022-12-25 13:26:44', '2022-12-25 13:26:44'),
(37, '6', 'امين المستودع', 'Storekeeper', '2022-12-25 13:27:17', '2022-12-25 13:27:17'),
(38, '6', 'مندوب مشتريات', 'Purchases Representative', '2022-12-25 13:27:41', '2022-12-25 13:27:41'),
(39, '6', 'المديـر التنفيذي', 'Executive Director', '2022-12-25 13:29:32', '2022-12-25 13:29:32'),
(40, '6', 'محاسب', 'Accountant', '2022-12-25 13:30:00', '2022-12-25 13:30:00'),
(41, '7', 'مدير إدارة تكنولوجيا المعلومات', 'Director of Information Technology Department', '2022-12-26 09:49:11', '2022-12-26 09:49:11'),
(42, '7', 'مستشار تقني', 'Technical advisor', '2022-12-26 09:49:56', '2022-12-26 09:49:56'),
(43, '8', 'مسئولة موارد بشرية', 'Human Resources Responsible', '2022-12-26 09:53:12', '2022-12-26 09:53:12'),
(44, '8', 'مسئولة موارد بشرية وسكرتيرة مكتب رئيس مجلس الإدارة', 'Human Resources Officer and Secretary of the Office of the Chairman of the Board of Directors', '2022-12-26 09:54:04', '2022-12-26 09:54:04'),
(45, '8', ' مسئولة التدريب', 'Training officer', '2022-12-26 09:54:39', '2022-12-26 09:54:39'),
(46, '9', 'مسئول الشئون القانونية', 'Legal Affairs Officer', '2022-12-26 09:55:10', '2022-12-26 09:55:10'),
(47, '9', 'مستشار قانوني', 'Counsel', '2022-12-26 09:55:37', '2022-12-26 09:55:37'),
(48, '9', 'مدير إدارة الشئون القانونية', 'Director of the Legal Affairs Department', '2022-12-26 09:56:00', '2022-12-26 09:56:00'),
(49, '10', 'محاسب', 'Accountant', '2022-12-26 09:56:30', '2022-12-26 09:56:30'),
(50, '11', 'المدير التنفيـــذي', 'Executive Director', '2022-12-26 09:57:24', '2022-12-26 09:57:24'),
(51, '11', 'مسئول عــام', 'Public official', '2022-12-26 09:57:44', '2022-12-26 09:57:44'),
(52, '11', 'مطورة برامج', 'Software developer', '2022-12-26 09:58:15', '2022-12-26 09:58:15'),
(53, '11', 'مسئولة دعم تقنى', 'Technical support officer', '2022-12-26 09:58:52', '2022-12-26 09:58:52'),
(54, '11', 'مسئولة تسويق', 'Marketing officer', '2022-12-26 09:59:13', '2022-12-26 09:59:13'),
(55, '11', 'مصمم جرافيك', 'Graphic designer', '2022-12-26 09:59:40', '2022-12-26 09:59:40'),
(56, '11', 'موشن جرافيك', 'Motion Graphic', '2022-12-26 10:00:05', '2022-12-26 10:00:05'),
(57, '11', 'كاتبه محتوى', 'Content writer', '2022-12-26 10:00:33', '2022-12-26 10:00:33'),
(58, '11', 'مسئول الإعلانات الممؤلة', 'Advertisement Responsible', '2022-12-26 10:01:01', '2022-12-26 10:01:01'),
(59, '12', 'المدير التنفيـــذي', 'Executive Director', '2022-12-26 10:01:52', '2022-12-26 10:01:52'),
(60, '12', 'مدير المصانع', 'Factory manager', '2022-12-26 10:02:17', '2022-12-26 10:02:17'),
(61, '12', 'رئيس الحسابـات', 'Head of accounts', '2022-12-26 10:02:39', '2022-12-26 10:02:39'),
(62, '12', 'محاسب', 'Accountant', '2022-12-26 10:13:56', '2022-12-26 10:13:56'),
(63, '12', 'مسئول مشتريات', 'Officer purchases', '2022-12-26 10:14:22', '2022-12-26 10:14:22'),
(64, '12', 'خبير تعاوني', 'Collaborative expert', '2022-12-26 10:14:50', '2022-12-26 10:14:50'),
(65, '12', 'سكرتيرة الجمعية', 'Association secretary', '2022-12-26 10:15:31', '2022-12-26 10:15:31'),
(66, '2', 'الموظفين', 'test', '2022-12-27 06:41:49', '2022-12-27 06:41:49');

-- --------------------------------------------------------

--
-- Table structure for table `employees`
--

CREATE TABLE `employees` (
  `id` bigint(20) UNSIGNED NOT NULL,
  `company_id` varchar(255) COLLATE utf8mb4_unicode_ci NOT NULL,
  `department_id` int(11) DEFAULT NULL,
  `event_id` int(11) DEFAULT NULL,
  `name` varchar(255) COLLATE utf8mb4_unicode_ci NOT NULL,
  `position` varchar(255) COLLATE utf8mb4_unicode_ci NOT NULL,
  `meeting_link` varchar(255) COLLATE utf8mb4_unicode_ci NOT NULL,
  `email` varchar(255) COLLATE utf8mb4_unicode_ci NOT NULL,
  `whats_app` varchar(255) COLLATE utf8mb4_unicode_ci NOT NULL,
  `image` varchar(255) COLLATE utf8mb4_unicode_ci NOT NULL,
  `created_at` timestamp NULL DEFAULT NULL,
  `updated_at` timestamp NULL DEFAULT NULL
) ENGINE=InnoDB DEFAULT CHARSET=utf8mb4 COLLATE=utf8mb4_unicode_ci;

--
-- Dumping data for table `employees`
--

INSERT INTO `employees` (`id`, `company_id`, `department_id`, `event_id`, `name`, `position`, `meeting_link`, `email`, `whats_app`, `image`, `created_at`, `updated_at`) VALUES
(1, '1', 1, 1, 'احمد على محمود', 'مقيم عقارى', 'https://app.jndlh.com.sa/jan-cgv-bbx-4bp', 'ahmed@ex.com', '112845789', '202211101248card.png', '2022-11-10 10:45:23', '2022-11-20 07:24:30'),
(2, '2', 5, 0, 'مروه السيد فرج الغريب', 'تكنولوجيا المعلومات', 'https://app.jndlh.com.sa/jan-j9d-ale-slx', 'marwa.elghareeb@jehat.sa', '201146122539', '202211101246card.jpeg', '2022-11-10 10:46:21', '2022-12-20 09:53:16'),
(3, '1', 4, 0, 'سعـد عبدالله المحسـن', 'رئيـس مجلـس الادارة للمجموعه', 'https://app.jndlh.com.sa/jan-cok-8ek-hzn', 'saad@jandalah.com.sa', '966553777769', '2022122506418-2.jpg', '2022-12-25 06:41:20', '2022-12-25 06:41:20'),
(4, '1', 6, 0, 'عبدالله المحسن', 'مراقب عام', 'https://app.jndlh.com.sa/jan-cok-8ek-hzn', 'Abdullh@gmt.sa', '966504216851', '2022122506558-2.jpg', '2022-12-25 06:55:55', '2022-12-25 06:55:55'),
(5, '1', 7, 0, 'مصطفى الشناوي', 'المدير المالي للمجموعة', 'https://app.jndlh.com.sa/jan-cok-8ek-hzn', 'm.alshnawy@jandalah.com.sa', '201020205272', '2022122506578-2.jpg', '2022-12-25 06:57:42', '2022-12-25 06:57:42'),
(6, '1', 8, 0, 'محرم السيد', 'مدير المراجعة والرقابة المالية', 'https://app.jndlh.com.sa/jan-cok-8ek-hzn', 'mohram@jandalah.com.sa', '201020156342', '2022122506598-2.jpg', '2022-12-25 06:59:28', '2022-12-25 06:59:28'),
(7, '1', 9, 0, 'محمد خالد', 'السكرتير المالي للمجموعة', 'https://app.jndlh.com.sa/jan-cok-8ek-hzn', 'm.khaled@jandalah.com.sa', '966559956606', '2022122507038-2.jpg', '2022-12-25 07:03:04', '2022-12-25 07:03:04'),
(8, '1', 10, 0, 'غدير المحسن', 'مديرة التطوير لمنصة جهات', 'https://app.jndlh.com.sa/jan-ekl-zph-muh', 'team@jandalah.com.sa', '966509937995', '2022122507058-2.jpg', '2022-12-25 07:05:25', '2022-12-25 07:05:25'),
(9, '4', 11, 0, 'عبدالرحمن المحسن', 'المدير التنفيذي', 'https://app.jndlh.com.sa/jan-sud-cqi-y4p', 'abd@jandalah.com.sa', '966552488800', '2022122510218-2.jpg', '2022-12-25 10:21:20', '2022-12-25 10:21:20'),
(10, '4', 12, 0, 'رجـب عبدالباقـى', 'نائب المدير التنفيذي للخدمات العامه', 'https://app.jndlh.com.sa/jan-tfx-dnu-ils', 'ragab@jandalah.com.sa', '966509988137', '2022122510438-2.jpg', '2022-12-25 10:43:29', '2022-12-25 10:43:29'),
(11, '4', 13, 0, 'عمـرو بـدر', 'مدير الدعم الفني', 'https://app.jndlh.com.sa/jan-xu7-2ol-cky', 'amr.badr@jandalah.com.sa', '966504912237', '2022122510498-2.jpg', '2022-12-25 10:49:26', '2022-12-25 10:49:26'),
(12, '4', 14, 0, 'أحمـد منيـر', 'نائب مدير الدعم الفنى', 'https://app.jndlh.com.sa/jan-k2z-2ti-sws', 'a.mouner@jandalah.com.sa', '966505143329', '2022122511278-2.jpg', '2022-12-25 11:27:37', '2022-12-25 11:27:37'),
(13, '4', 16, 0, 'فيصل فيـاض', 'معقب', 'https://app.jndlh.com.sa/jan-v6a-chj-ht0', 'faisal.faiad@jandalah.com.sa', '966558854779', '2022122511298-2.jpg', '2022-12-25 11:29:50', '2022-12-25 11:29:50'),
(14, '4', 15, 0, 'أحمد صابر', 'مسئول دعم فني', 'https://app.jndlh.com.sa/jan-ule-0vp-dzi', 'a.saber@jandalah.com.sa', '966559484228', '2022122511368-2.jpg', '2022-12-25 11:36:52', '2022-12-25 11:36:52'),
(15, '4', 15, 0, 'أحمد طلحه', 'مسئول دعم فني', 'https://app.jndlh.com.sa/jan-4or-9zz-z68', 'a.talha@jandalah.com.sa', '966509988016', '2022122511398-2.jpg', '2022-12-25 11:39:10', '2022-12-25 11:39:10'),
(16, '4', 15, 0, 'أحمد عزب', 'مسئول دعم فني', 'https://app.jndlh.com.sa/jan-ked-sis-mkn', 'ex@ex.com', '966505533251', '2022122511418-2.jpg', '2022-12-25 11:41:39', '2022-12-25 11:41:39'),
(17, '4', 15, 0, 'أحمـد عبدالباسـط', 'مسئول دعم فني', 'https://app.jndlh.com.sa/jan-f7s-g9m-yro', 'a.abdelbast@jandalah.com.sa', '966505533202', '2022122511428-2.jpg', '2022-12-25 11:42:56', '2022-12-25 11:42:56'),
(18, '4', 15, 0, 'رضا عبدالباقي', 'مسئول دعم فني', 'https://app.jndlh.com.sa/jan-gcj-djg-dn3', 'reda@jandalah.com.sa', '966533396244', '2022122511448-2.jpg', '2022-12-25 11:44:23', '2022-12-25 11:44:23'),
(19, '4', 15, 0, 'زكريـا صبري', 'مسئول دعم فني', 'https://app.jndlh.com.sa/jan-hv5-hoh-pae', 'zakaria@jandalah.com.sa', '966509920698', '2022122511468-2.jpg', '2022-12-25 11:46:48', '2022-12-25 11:46:48'),
(20, '4', 15, 0, 'عبدالمنعـم سامـي', 'مسئول دعم فني', 'https://app.jndlh.com.sa/jan-iqc-qij-whk', 'abdlmonem@jandalah.com.sa', '966555486512', '2022122511488-2.jpg', '2022-12-25 11:48:22', '2022-12-25 11:48:22'),
(21, '4', 15, 0, 'محمـد زايـد', 'مسئول دعم فني', 'https://app.jndlh.com.sa/jan-aow-lc3-2ik', 'm.zayed@jandalah.com.sa', '966505145256', '2022122511508-2.jpg', '2022-12-25 11:50:04', '2022-12-25 11:50:04'),
(22, '4', 15, 0, 'محمد نصار', 'مسئول دعم فني', 'https://app.jndlh.com.sa/jan-ziw-ufl-z7u', 'm.nasar@jandalah.com.sa', '966533389447', '2022122511528-2.jpg', '2022-12-25 11:52:22', '2022-12-25 11:52:22'),
(23, '4', 15, 0, 'احمد رمزي عبدالحميد سعد', 'مسئول دعم فني', 'https://app.jndlh.com.sa/jan-lij-jza-rig', 'a.ramzy@jandalah.com.sa', '966504912565', '2022122511548-2.jpg', '2022-12-25 11:54:20', '2022-12-25 11:54:20'),
(24, '4', 15, 0, 'عبدالله صبحي', 'مسئول دعم فني', 'https://app.jndlh.com.sa/jan-qka-xsb-5yi', 'abd.sobhy@jandalah.com.sa', '966533387144', '2022122512558-2.jpg', '2022-12-25 12:55:24', '2022-12-25 12:55:24'),
(25, '4', 15, 0, 'محمد صابر', 'مسئول دعم فني', 'https://app.jndlh.com.sa/jan-fa5-6tm-w9o', 'm.saber@jandalah.com.sa', '966538363376', '2022122512568-2.jpg', '2022-12-25 12:56:14', '2022-12-25 12:56:14'),
(26, '4', 15, 0, 'عاصم يوسف', 'مسئول دعم فني', 'https://app.jndlh.com.sa/jan-86i-qvr-xqs', 'assam@jandalah.com.sa', '249118820420', '2022122512578-2.jpg', '2022-12-25 12:57:43', '2022-12-25 12:57:43'),
(27, '4', 30, 0, 'علاء هاشم', 'نائب المدير التتنفيذي للخدمات الماليه', 'https://app.jndlh.com.sa/jan-zex-xcb-eqc', 'ex@ex.com', '966559911961', '2022122513018-2.jpg', '2022-12-25 13:01:13', '2022-12-25 13:01:13'),
(28, '4', 31, 0, 'مصطفئ عماد', 'محاسب الزكاة والضريبة', 'https://app.jndlh.com.sa/jan-sxh-ur7-fhx', 'm.emad@jandalah.com.sa', '966504988396', '2022122513038-2.jpg', '2022-12-25 13:03:26', '2022-12-25 13:03:26'),
(29, '4', 31, 0, 'عيسى أحمد', 'محاسب الزكاة والضريبة', 'https://app.jndlh.com.sa/jan-bi6-efy-jng', 'ex@ex.com', '201221083890', '2022122513048-2.jpg', '2022-12-25 13:04:43', '2022-12-25 13:04:43'),
(30, '4', 32, 0, 'محمد عبدالعزيز', 'رئيس الحسابات', 'https://app.jndlh.com.sa/jan-yra-jbn-id4', 'ex@ex.com', '201204725846', '2022122513068-2.jpg', '2022-12-25 13:06:06', '2022-12-25 13:06:06'),
(31, '4', 33, 0, 'عمادعبد ربه', 'محاسب', 'https://app.jndlh.com.sa/jan-fvk-yvr-v2y', 'emad-abdrbo@jandalah.com.sa', '966555637667', '2022122513078-2.jpg', '2022-12-25 13:07:40', '2022-12-25 13:07:40'),
(32, '4', 33, 0, 'ناصر الابياوي', 'محاسب', 'https://app.jndlh.com.sa/jan-gjl-jij-pcq', 'naser.alybay@jandalah.com.sa', '201149989218', '2022122513088-2.jpg', '2022-12-25 13:08:49', '2022-12-25 13:08:49'),
(33, '5', 32, 0, 'أيمن البجلاني', 'رئيس الحسابات', 'https://app.jndlh.com.sa/jan-xdm-qdw-yfg', 'a.bagalaty@jandalah.com.sa', '201103866415', '2022122513118-2.jpg', '2022-12-25 13:11:51', '2022-12-25 13:11:51'),
(34, '5', 33, 0, 'محمد السيد', 'محاسب', 'https://app.jndlh.com.sa/jan-qru-uev-ypp', 'm.alsaeed@jandalah.com.sa', '201017301997', '2022122513128-2.jpg', '2022-12-25 13:12:47', '2022-12-25 13:12:47'),
(35, '5', 33, 0, 'هايدي محمود', 'محاسب (دوام جزئي)', 'https://app.jndlh.com.sa/jan-afq-zlr-jcq', 'haidy@jandalah.com.sa', '201276076656', '2022122513148-2.jpg', '2022-12-25 13:14:43', '2022-12-25 13:14:43'),
(36, '5', 33, 0, 'طارق سليم', 'محاسب', 'https://app.jndlh.com.sa/jan-z8x-oj6-zfe', 'ex@ex.com', '201550711206', '2022122513158-2.jpg', '2022-12-25 13:15:35', '2022-12-25 13:15:35'),
(37, '6', 11, 0, 'محمد الدسوقي', 'المدير التنفيذي', 'https://app.jndlh.com.sa/jan-iyy-rfs-okk', 'm.desoky@jandalah.com.sa', '966504381996', '2022122513328-2.jpg', '2022-12-25 13:31:20', '2022-12-25 13:32:32'),
(38, '6', 34, 0, 'عمرو براري', 'مدير العمليات', 'https://app.jndlh.com.sa/jan-iyy-rfs-okk', 'amr.brary@jandalah.com.sa', '966552679911', '2022122513338-2.jpg', '2022-12-25 13:33:52', '2022-12-25 13:33:52'),
(39, '6', 35, 0, 'معتز بدير', 'دعم لوجستي', 'https://app.jndlh.com.sa/jan-ig8-yhv-uny', 'm.bdeer@jandalah.com.sa', '966532429748', '2022122513348-2.jpg', '2022-12-25 13:34:54', '2022-12-25 13:34:54'),
(40, '6', 36, 0, 'محمود فؤاد', 'مساعد اداري', 'https://app.jndlh.com.sa/jan-zng-sbp-qza', 'm.fouad@jandalah.com.sa', '201010580825', '2022122513358-2.jpg', '2022-12-25 13:35:52', '2022-12-25 13:35:52'),
(41, '6', 37, 0, 'أحمد سعد', 'امين المستودع', 'https://app.jndlh.com.sa/jan-niz-4n6-prd', 'ex@ex.com', '966532177054', '2022122513378-2.jpg', '2022-12-25 13:37:08', '2022-12-25 13:37:08'),
(42, '6', 38, 0, 'عماد حموده', 'مندوب مشتريات', 'https://app.jndlh.com.sa/jan-ugl-vjk-zuh', 'ex@ex.com', '966507879507', '2022122513398-2.jpg', '2022-12-25 13:39:01', '2022-12-25 13:39:01'),
(43, '6', 32, 0, 'محمود الرشيدي', 'رئيس الحسابات', 'https://app.jndlh.com.sa/jan-a2b-dm7-1gi', 'm.rashedy@jandalah.com.sa', '201116222898', '2022122513408-2.jpg', '2022-12-25 13:40:04', '2022-12-25 13:40:04'),
(44, '6', 40, 0, 'تامـر مكاوي', 'محاسب', 'https://app.jndlh.com.sa/jan-13n-crr-ivx', 'tamer.saad@jandalah.com.sa', '201103865662', '2022122513408-2.jpg', '2022-12-25 13:40:57', '2022-12-25 13:40:57'),
(45, '6', 40, 0, 'أحمد يحيي', 'محاسب', 'https://app.jndlh.com.sa/jan-9ra-neb-imy', 'a.yahia@jandalah.com.sa', '201022015650', '2022122513418-2.jpg', '2022-12-25 13:41:52', '2022-12-25 13:41:52'),
(46, '7', 41, 0, 'أحمد بسيوني', 'مدير ادارة تكنولوجيا المعلومات', 'https://app.jndlh.com.sa/jan-7cr-4wu-1bs', 'ex@ex.com', '201103866262', '2022122610178-2.jpg', '2022-12-26 10:17:09', '2022-12-26 10:17:09'),
(47, '7', 42, 0, 'أيمن صالح', 'مستشار تقني', 'https://app.jndlh.com.sa/jan-tgl-tgn-5pg', 'ex@ex.com', '201000009471', '2022122610188-2.jpg', '2022-12-26 10:18:12', '2022-12-26 10:18:12'),
(48, '8', 43, 0, 'علاء عبدالحكيم', 'مسئولة الموارد البشرية', 'https://app.jndlh.com.sa/jan-eai-uxu-ugi', 'ola@jandalah.com.sa', '201023638198', '2022122610208-2.jpg', '2022-12-26 10:20:17', '2022-12-26 10:20:17'),
(49, '8', 44, 0, 'ندا محمود', 'مسئولة الموارد البشرية', 'https://app.jndlh.com.sa/jan-hhw-2pa-vqx', 'nada@jandalah.com.sa', '201033157751', '2022122610228-2.jpg', '2022-12-26 10:22:35', '2022-12-26 10:22:35'),
(50, '8', 45, 0, 'لينه الصديق', 'مسئوله التدريب', 'https://app.jndlh.com.sa/jan-zk2-ook-zvg', 'lenaelsiddig@gmail.com', '966508844910', '2022122610288-2.jpg', '2022-12-26 10:28:04', '2022-12-26 10:28:04'),
(51, '9', 46, 0, 'أحمد داود', 'مسئول الشئون القانونية', 'https://app.jndlh.com.sa/jan-ae1-y6h-wrs', 'ex@ex.com', '201009508081', '2022122610308-2.jpg', '2022-12-26 10:30:39', '2022-12-26 10:30:39'),
(52, '9', 47, 0, 'اسامه براري', 'مستشار قانوني', 'https://app.jndlh.com.sa/jan-xif-hhi-8cy', 'osama1@jandalah.com.sa', '966537015651', '2022122610328-2.jpg', '2022-12-26 10:32:05', '2022-12-26 10:32:05'),
(53, '9', 48, 0, 'محمد قادومه', 'مدير اداره الشئون القانونيه', 'https://app.jndlh.com.sa/jan-ofp-pny-jfg', 'ex@ex.com', '966567383946', '2022122610338-2.jpg', '2022-12-26 10:33:18', '2022-12-26 10:33:18'),
(54, '10', 49, 0, 'ابراهيم حسن', 'محاسب', 'https://app.jndlh.com.sa/jan-0ug-d5n-7jh', 'ibra.hassan@jandalah.com.sa', '201278971813', '2022122610348-2.jpg', '2022-12-26 10:34:57', '2022-12-26 10:34:57'),
(55, '10', 49, 0, 'محمود هلهول', 'محاسب', 'https://app.jndlh.com.sa/jan-bkj-uyv-xfx', 'm.halhol@jandalah.com.sa', '201118571181', '2022122610368-2.jpg', '2022-12-26 10:36:33', '2022-12-26 10:36:33'),
(56, '10', 49, 0, 'أحمد عادل', 'محاسب', 'https://app.jndlh.com.sa/jan-prn-ntp-04w', 'ex@ex.com', '201016653604', '2022122610388-2.jpg', '2022-12-26 10:38:13', '2022-12-26 10:38:13'),
(57, '11', 50, 0, 'عماد زارع', 'المدير التنفيذي', 'https://app.jndlh.com.sa/jan-syi-0yg-rso', 'emad_hz@yahoo.com', '966560456005', '2022122610398-2.jpg', '2022-12-26 10:39:31', '2022-12-26 10:39:31'),
(58, '11', 51, 0, 'أحمد محمود', 'مسئول عام', 'https://app.jndlh.com.sa/jan-cxf-huk-doq', 'a.mahmoud@jandalah.com.sa', '966532604751', '2022122610408-2.jpg', '2022-12-26 10:40:43', '2022-12-26 10:40:43'),
(59, '11', 52, 0, 'مروة السيد', 'مطورة البرنامج', 'https://app.jndlh.com.sa/jan-j9d-ale-slx', 'ex@ex.com', '201146122539', '2022122610418-2.jpg', '2022-12-26 10:41:44', '2022-12-26 10:41:44'),
(60, '11', 53, 0, 'تسنيم أحمد', 'مسئوله دعم فني', 'https://app.jndlh.com.sa/jan-jcl-3gu-fv6', 'ex@ex.com', '201019803212', '2022122610428-2.jpg', '2022-12-26 10:42:39', '2022-12-26 10:42:39'),
(61, '11', 54, 0, 'روضه محمد', 'مسئوله تسويق', 'https://app.jndlh.com.sa/jan-ysw-hsx-umb', 'rawda@jandalah.com.sa', '201019803212', '2022122610438-2.jpg', '2022-12-26 10:43:41', '2022-12-26 10:43:41'),
(62, '11', 55, 0, 'مصطفئ داود', 'مصمم جرافيك', 'https://app.jndlh.com.sa/jan-ce2-2wy-e2r', 'ex@ex.com', '201020205272', '2022122610478-2.jpg', '2022-12-26 10:47:19', '2022-12-26 10:47:19'),
(63, '11', 55, 0, 'ياسر عماد', 'مصمم جرافيك', 'https://app.jndlh.com.sa/jan-pqr-guj-cy9', 'ex@ex.com', '201100607004', '2022122610488-2.jpg', '2022-12-26 10:48:17', '2022-12-26 10:48:17'),
(64, '11', 56, 0, 'عبدالرحيم مهران', 'موشن جرافيك', 'https://app.jndlh.com.sa/jan-nm5-siv-ax6', 'ex@ex.com', '201117588552', '2022122610498-2.jpg', '2022-12-26 10:49:17', '2022-12-26 10:49:17'),
(65, '11', 56, 0, 'علي محمد', 'موشن جرافيك', 'https://app.jndlh.com.sa/jan-934-3nh-3du', 'ex@ex.com', '201092474892', '2022122610508-2.jpg', '2022-12-26 10:50:13', '2022-12-26 10:50:13'),
(66, '11', 57, 0, 'بسمه عبدالمطلب', 'كاتيه محتوى', 'https://app.jndlh.com.sa/jan-tr0-k37-o0e', 'ex@ex.com', '201091082555', '2022122610518-2.jpg', '2022-12-26 10:51:28', '2022-12-26 10:51:28'),
(67, '11', 58, 0, 'عمرو سليمان', 'مسئول الاعلانات الممؤلة', 'https://app.jndlh.com.sa/jan-jqt-ya9-mm0', 'ex@ex.com', '966000000000', '2022122610598-2.jpg', '2022-12-26 10:59:19', '2022-12-26 10:59:19'),
(68, '12', 59, 0, 'نجم الدين ادريس', 'المدير التنفيذي', 'https://app.jndlh.com.sa/jan-crr-1dn-c2n', 'najm@jandalah.com.sa', '966543359731', '2022122611008-2.jpg', '2022-12-26 11:00:43', '2022-12-26 11:00:43'),
(69, '12', 60, 0, 'سامي عبدالحميد', 'مدير المصانع', 'https://app.jndlh.com.sa/jan-4a6-pna-i5r', 'samy@jandalah.com.sa', '966548535807', '2022122611028-2.jpg', '2022-12-26 11:02:22', '2022-12-26 11:02:22'),
(70, '12', 61, 0, 'هيثم عبدالعزيز', 'رئيس الحسابات', 'https://app.jndlh.com.sa/jan-03f-8ob-agi', 'h.abd@jandalah.com.sa', '201020831818', '2022122611038-2.jpg', '2022-12-26 11:03:36', '2022-12-26 11:03:36'),
(71, '12', 61, 0, 'ماهر صبري', 'رئيس الحسابات', 'https://app.jndlh.com.sa/jan-jww-aiz-ahc', 'maher@jandalah.com.sa', '201149988288', '2022122611048-2.jpg', '2022-12-26 11:04:50', '2022-12-26 11:04:50'),
(72, '12', 62, 0, 'غاده محمد', 'محاسب', 'https://app.jndlh.com.sa/jan-clb-evg-nwj', 'ghada@jandalah.com.sa', '201149997912', '2022122611078-2.jpg', '2022-12-26 11:07:53', '2022-12-26 11:07:53'),
(73, '12', 62, 0, 'محمد حسين', 'محاسب', 'https://app.jndlh.com.sa/jan-5zp-kie-wpa', 'm.hossin@jandalah.com.sa', '201103865611', '2022122611088-2.jpg', '2022-12-26 11:08:56', '2022-12-26 11:08:56'),
(74, '12', 62, 0, 'محمود زيدان', 'محاسب', 'https://app.jndlh.com.sa/jan-fw4-k2n-3ej', 'mahmoud_zidan@jandalah.com', '201149997728', '2022122611108-2.jpg', '2022-12-26 11:10:07', '2022-12-26 11:10:07'),
(75, '12', 63, 0, 'محمد سامي', 'مسئول مشتريات', 'https://app.jndlh.com.sa/jan-jf4-lft-exq', 'm.samy@jandalah.com.sa', '201149997728', '2022122611118-2.jpg', '2022-12-26 11:11:22', '2022-12-26 11:11:22'),
(76, '12', 63, 0, 'أحمد السلماوي', 'مسئول مشتريات', 'https://app.jndlh.com.sa/jan-ah0-end-ysi', 'ex@ex.com', '966532576736', '2022122611138-2.jpg', '2022-12-26 11:13:47', '2022-12-26 11:13:47'),
(77, '12', 64, 0, 'عبده قرني', 'خبير تعاوني', 'https://app.jndlh.com.sa/jan-afw-uos-dqx', 'abdo.korany@jandalah.com.sa', '966501734258', '2022122611148-2.jpg', '2022-12-26 11:14:49', '2022-12-26 11:14:49'),
(78, '12', 65, 0, 'اسراء ابراهيم', 'سكرتيرة الجمعية', 'https://app.jndlh.com.sa/jan-ew4-s53-u9l', 'esraa@jandalah.com.sa', '201149997911', '2022122611158-2.jpg', '2022-12-26 11:15:52', '2022-12-26 11:15:52'),
(79, '2', 66, 0, 'نوره عبدالله السواجي', 'موارد بشرية', 'https://app.jndlh.com.sa/gha-bho-tg7-bja', 'alsawaji88@hotmail.com', '966552428120', '2022122706488-2.jpg', '2022-12-27 06:48:29', '2022-12-27 06:48:29'),
(80, '2', 66, 0, 'نوره رشدان الدوسري', 'موارد بشرية', 'https://app.jndlh.com.sa/gha-bho-tg7-bja', 'nourar406@gmail.com', '966535840050', '2022122706498-2.jpg', '2022-12-27 06:49:22', '2022-12-27 06:49:22'),
(81, '2', 66, 0, 'عبدالله ناصر الصالح', 'محاماة وشؤون قانونية', 'https://app.jndlh.com.sa/jan-xif-hhi-8cy', 'A.alsaleh0@outlook.com', '966558860040', '2022122706548-2.jpg', '2022-12-27 06:54:36', '2022-12-27 06:54:36'),
(82, '2', 66, 0, 'رغد محمد العجلاني', 'محاسبه', 'https://app.jndlh.com.sa/gha-qcb-cgv-2u1', 'Raghad97mh@hotmail.com', '996552261192', '2022122706568-2.jpg', '2022-12-27 06:56:06', '2022-12-27 06:56:06'),
(83, '2', 66, 0, 'بهية عليان الجهني', 'برمجة', 'https://app.jndlh.com.sa/gha-xxb-r4c-dhy', 'Bahiab144@gmail.com', '966583677667', '2022122706588-2.jpg', '2022-12-27 06:58:44', '2022-12-27 06:58:44'),
(84, '2', 66, 0, 'ناصر راشد القريني', 'برمجة', 'https://app.jndlh.com.sa/gha-xxb-r4c-dhy', 'nasser123451255@gmail.com', '966501741099', '2022122707008-2.jpg', '2022-12-27 07:00:55', '2022-12-27 07:00:55'),
(85, '2', 66, 0, 'موسى محمد عسيري', 'برمجة', 'https://app.jndlh.com.sa/gha-xxb-r4c-dhy', 'mousaasiri1@gmail.com', '966538439938', '2022122707038-2.jpg', '2022-12-27 07:03:19', '2022-12-27 07:03:19'),
(86, '2', 66, 0, 'مشعل علي الاحمري', 'برمجة', 'https://app.jndlh.com.sa/gha-xxb-r4c-dhy', 'm.ali1421909@gmail.com', '966536088292', '2022122707068-2.jpg', '2022-12-27 07:06:13', '2022-12-27 07:06:13'),
(87, '2', 66, 0, 'منار سعود المطيري', 'برمجة', 'https://app.jndlh.com.sa/gha-xxb-r4c-dhy', 'manarce76@gmail.com', '966538275475', '2022122707068-2.jpg', '2022-12-27 07:06:58', '2022-12-27 07:06:58'),
(88, '2', 66, 0, 'عفاف مناحي المطيري', 'التسويق', 'https://app.jndlh.com.sa/gha-0hv-ngb-rkc', 'afafalmutairi00@gmail.com', '966537866334', '2022122707088-2.jpg', '2022-12-27 07:08:13', '2022-12-27 07:08:13'),
(89, '2', 66, 0, 'ساره حمد الطمره', 'التسويق', 'https://app.jndlh.com.sa/gha-0hv-ngb-rkc', 'Sarah-t1@hotmail.com', '966501665899', '2022122707148-2.jpg', '2022-12-27 07:14:40', '2022-12-27 07:14:40'),
(90, '2', 66, 0, 'بشاير سلمان الفيفي', 'التسويق', 'https://app.jndlh.com.sa/gha-0hv-ngb-rkc', 'Bashaier.Alabdli@hotmail.com', '966509704939', '2022122707188-2.jpg', '2022-12-27 07:18:19', '2022-12-27 07:18:19'),
(91, '2', 66, 0, 'غاليه أحمد ألامير', 'التسويق', 'https://app.jndlh.com.sa/gha-0hv-ngb-rkc', 'Ghaliahalameer2@gmail.com', '966534010312', '2022122707208-2.jpg', '2022-12-27 07:20:35', '2022-12-27 07:20:35'),
(92, '2', 66, 0, 'مشاعل بدر القحطاني', 'التسويق', 'https://app.jndlh.com.sa/gha-0hv-ngb-rkc', 'Mshaeelalqhtani@gmail.com', '966565521304', '2022122707228-2.jpg', '2022-12-27 07:22:57', '2022-12-27 07:22:57'),
(93, '2', 66, 0, 'شروق عايض الخليوي', 'التسويق', 'https://app.jndlh.com.sa/gha-0hv-ngb-rkc', 'shrooqalhrabiy55@gmail.com', '966592630690', '2022122707248-2.jpg', '2022-12-27 07:24:18', '2022-12-27 07:24:18');

-- --------------------------------------------------------

--
-- Table structure for table `events`
--

CREATE TABLE `events` (
  `id` bigint(20) UNSIGNED NOT NULL,
  `name_ar` varchar(255) COLLATE utf8mb4_unicode_ci NOT NULL,
  `name_en` varchar(255) COLLATE utf8mb4_unicode_ci NOT NULL,
  `image` varchar(255) COLLATE utf8mb4_unicode_ci NOT NULL,
  `created_at` timestamp NULL DEFAULT NULL,
  `updated_at` timestamp NULL DEFAULT NULL
) ENGINE=InnoDB DEFAULT CHARSET=utf8mb4 COLLATE=utf8mb4_unicode_ci;

--
-- Dumping data for table `events`
--

INSERT INTO `events` (`id`, `name_ar`, `name_en`, `image`, `created_at`, `updated_at`) VALUES
(1, 'المعرض الافتراضى للمقيمين العقاريين', 'المعرض الافتراضى للمقيمين العقاريين', '202211200914images.jpg', '2022-11-20 06:24:51', '2022-11-20 07:14:15'),
(2, 'المعرض الافتراضى للمحامين', 'المعرض الافتراضى للمحامين', '202211200914download.jpg', '2022-11-20 07:14:55', '2022-11-20 07:14:55'),
(3, 'المعرض الافتراضى للمحاسبين القانونين', 'المعرض الافتراضى للمحاسبين القانونين', '202211200915download (1).jpg', '2022-11-20 07:15:38', '2022-11-20 07:15:38');

-- --------------------------------------------------------

--
-- Table structure for table `failed_jobs`
--

CREATE TABLE `failed_jobs` (
  `id` bigint(20) UNSIGNED NOT NULL,
  `uuid` varchar(255) COLLATE utf8mb4_unicode_ci NOT NULL,
  `connection` text COLLATE utf8mb4_unicode_ci NOT NULL,
  `queue` text COLLATE utf8mb4_unicode_ci NOT NULL,
  `payload` longtext COLLATE utf8mb4_unicode_ci NOT NULL,
  `exception` longtext COLLATE utf8mb4_unicode_ci NOT NULL,
  `failed_at` timestamp NOT NULL DEFAULT current_timestamp()
) ENGINE=InnoDB DEFAULT CHARSET=utf8mb4 COLLATE=utf8mb4_unicode_ci;

-- --------------------------------------------------------

--
-- Table structure for table `f_a_q_s`
--

CREATE TABLE `f_a_q_s` (
  `id` bigint(20) UNSIGNED NOT NULL,
  `category_id` int(11) DEFAULT NULL,
  `question_ar` varchar(255) COLLATE utf8mb4_unicode_ci NOT NULL,
  `question_en` varchar(255) COLLATE utf8mb4_unicode_ci NOT NULL,
  `answer_ar` varchar(255) COLLATE utf8mb4_unicode_ci NOT NULL,
  `answer_en` varchar(255) COLLATE utf8mb4_unicode_ci NOT NULL,
  `created_at` timestamp NULL DEFAULT NULL,
  `updated_at` timestamp NULL DEFAULT NULL
) ENGINE=InnoDB DEFAULT CHARSET=utf8mb4 COLLATE=utf8mb4_unicode_ci;

--
-- Dumping data for table `f_a_q_s`
--

INSERT INTO `f_a_q_s` (`id`, `category_id`, `question_ar`, `question_en`, `answer_ar`, `answer_en`, `created_at`, `updated_at`) VALUES
(1, 0, 'يسييسبيسب تعديل', 'يسسب تعديل', 'يسبيسب تعديل', 'يبسبيسب تعديل', '2022-10-31 06:24:16', '2022-10-31 06:31:17');

-- --------------------------------------------------------

--
-- Table structure for table `migrations`
--

CREATE TABLE `migrations` (
  `id` int(10) UNSIGNED NOT NULL,
  `migration` varchar(255) COLLATE utf8mb4_unicode_ci NOT NULL,
  `batch` int(11) NOT NULL
) ENGINE=InnoDB DEFAULT CHARSET=utf8mb4 COLLATE=utf8mb4_unicode_ci;

--
-- Dumping data for table `migrations`
--

INSERT INTO `migrations` (`id`, `migration`, `batch`) VALUES
(17, '2014_10_12_000000_create_users_table', 1),
(18, '2014_10_12_100000_create_password_resets_table', 1),
(19, '2019_08_19_000000_create_failed_jobs_table', 1),
(20, '2019_12_14_000001_create_personal_access_tokens_table', 1),
(21, '2022_10_11_093247_create_categories_table', 1),
(22, '2022_10_11_093424_create_pages_table', 1),
(23, '2022_10_11_100237_create_activity_logs_table', 1),
(24, '2022_10_20_075918_create_companies_table', 1),
(25, '2022_10_20_080043_create_employees_table', 1),
(26, '2022_10_31_075046_create_faq_table', 1),
(27, '2022_11_09_094206_create_departments_table', 2),
(28, '2022_11_20_082211_create_events_table', 3);

-- --------------------------------------------------------

--
-- Table structure for table `pages`
--

CREATE TABLE `pages` (
  `id` bigint(20) UNSIGNED NOT NULL,
  `category_id` int(11) NOT NULL,
  `slug_name` varchar(255) COLLATE utf8mb4_unicode_ci NOT NULL,
  `name_ar` varchar(255) COLLATE utf8mb4_unicode_ci NOT NULL,
  `name_en` varchar(255) COLLATE utf8mb4_unicode_ci NOT NULL,
  `title_ar` varchar(255) COLLATE utf8mb4_unicode_ci NOT NULL,
  `title_en` varchar(255) COLLATE utf8mb4_unicode_ci NOT NULL,
  `description_ar` longtext COLLATE utf8mb4_unicode_ci NOT NULL,
  `description_en` longtext COLLATE utf8mb4_unicode_ci NOT NULL,
  `link` varchar(255) COLLATE utf8mb4_unicode_ci NOT NULL,
  `images` varchar(255) COLLATE utf8mb4_unicode_ci NOT NULL,
  `created_at` timestamp NULL DEFAULT NULL,
  `updated_at` timestamp NULL DEFAULT NULL
) ENGINE=InnoDB DEFAULT CHARSET=utf8mb4 COLLATE=utf8mb4_unicode_ci;

-- --------------------------------------------------------

--
-- Table structure for table `password_resets`
--

CREATE TABLE `password_resets` (
  `email` varchar(255) COLLATE utf8mb4_unicode_ci NOT NULL,
  `token` varchar(255) COLLATE utf8mb4_unicode_ci NOT NULL,
  `created_at` timestamp NULL DEFAULT NULL
) ENGINE=InnoDB DEFAULT CHARSET=utf8mb4 COLLATE=utf8mb4_unicode_ci;

-- --------------------------------------------------------

--
-- Table structure for table `personal_access_tokens`
--

CREATE TABLE `personal_access_tokens` (
  `id` bigint(20) UNSIGNED NOT NULL,
  `tokenable_type` varchar(255) COLLATE utf8mb4_unicode_ci NOT NULL,
  `tokenable_id` bigint(20) UNSIGNED NOT NULL,
  `name` varchar(255) COLLATE utf8mb4_unicode_ci NOT NULL,
  `token` varchar(64) COLLATE utf8mb4_unicode_ci NOT NULL,
  `abilities` text COLLATE utf8mb4_unicode_ci DEFAULT NULL,
  `last_used_at` timestamp NULL DEFAULT NULL,
  `created_at` timestamp NULL DEFAULT NULL,
  `updated_at` timestamp NULL DEFAULT NULL
) ENGINE=InnoDB DEFAULT CHARSET=utf8mb4 COLLATE=utf8mb4_unicode_ci;

-- --------------------------------------------------------

--
-- Table structure for table `users`
--

CREATE TABLE `users` (
  `id` bigint(20) UNSIGNED NOT NULL,
  `name` varchar(255) COLLATE utf8mb4_unicode_ci NOT NULL,
  `email` varchar(255) COLLATE utf8mb4_unicode_ci NOT NULL,
  `email_verified_at` timestamp NULL DEFAULT NULL,
  `password` varchar(255) COLLATE utf8mb4_unicode_ci NOT NULL,
  `remember_token` varchar(100) COLLATE utf8mb4_unicode_ci DEFAULT NULL,
  `created_at` timestamp NULL DEFAULT NULL,
  `updated_at` timestamp NULL DEFAULT NULL
) ENGINE=InnoDB DEFAULT CHARSET=utf8mb4 COLLATE=utf8mb4_unicode_ci;

--
-- Dumping data for table `users`
--

INSERT INTO `users` (`id`, `name`, `email`, `email_verified_at`, `password`, `remember_token`, `created_at`, `updated_at`) VALUES
(1, 'Admin', 'admin@admin.com', NULL, '$2y$10$i9Cgj65NQwu6Iwvk/ASLEuXJZXl2F19lUsj6BP6TYlXwcuql/8ZWO', NULL, '2022-10-31 05:58:38', '2022-10-31 05:58:38');

--
-- Indexes for dumped tables
--

--
-- Indexes for table `activity_logs`
--
ALTER TABLE `activity_logs`
  ADD PRIMARY KEY (`id`);

--
-- Indexes for table `categories`
--
ALTER TABLE `categories`
  ADD PRIMARY KEY (`id`);

--
-- Indexes for table `companies`
--
ALTER TABLE `companies`
  ADD PRIMARY KEY (`id`);

--
-- Indexes for table `departments`
--
ALTER TABLE `departments`
  ADD PRIMARY KEY (`id`);

--
-- Indexes for table `employees`
--
ALTER TABLE `employees`
  ADD PRIMARY KEY (`id`);

--
-- Indexes for table `events`
--
ALTER TABLE `events`
  ADD PRIMARY KEY (`id`);

--
-- Indexes for table `failed_jobs`
--
ALTER TABLE `failed_jobs`
  ADD PRIMARY KEY (`id`),
  ADD UNIQUE KEY `failed_jobs_uuid_unique` (`uuid`);

--
-- Indexes for table `f_a_q_s`
--
ALTER TABLE `f_a_q_s`
  ADD PRIMARY KEY (`id`);

--
-- Indexes for table `migrations`
--
ALTER TABLE `migrations`
  ADD PRIMARY KEY (`id`);

--
-- Indexes for table `pages`
--
ALTER TABLE `pages`
  ADD PRIMARY KEY (`id`);

--
-- Indexes for table `password_resets`
--
ALTER TABLE `password_resets`
  ADD KEY `password_resets_email_index` (`email`);

--
-- Indexes for table `personal_access_tokens`
--
ALTER TABLE `personal_access_tokens`
  ADD PRIMARY KEY (`id`),
  ADD UNIQUE KEY `personal_access_tokens_token_unique` (`token`),
  ADD KEY `personal_access_tokens_tokenable_type_tokenable_id_index` (`tokenable_type`,`tokenable_id`);

--
-- Indexes for table `users`
--
ALTER TABLE `users`
  ADD PRIMARY KEY (`id`),
  ADD UNIQUE KEY `users_email_unique` (`email`);

--
-- AUTO_INCREMENT for dumped tables
--

--
-- AUTO_INCREMENT for table `activity_logs`
--
ALTER TABLE `activity_logs`
  MODIFY `id` bigint(20) UNSIGNED NOT NULL AUTO_INCREMENT, AUTO_INCREMENT=70;

--
-- AUTO_INCREMENT for table `categories`
--
ALTER TABLE `categories`
  MODIFY `id` bigint(20) UNSIGNED NOT NULL AUTO_INCREMENT;

--
-- AUTO_INCREMENT for table `companies`
--
ALTER TABLE `companies`
  MODIFY `id` bigint(20) UNSIGNED NOT NULL AUTO_INCREMENT, AUTO_INCREMENT=13;

--
-- AUTO_INCREMENT for table `departments`
--
ALTER TABLE `departments`
  MODIFY `id` bigint(20) UNSIGNED NOT NULL AUTO_INCREMENT, AUTO_INCREMENT=67;

--
-- AUTO_INCREMENT for table `employees`
--
ALTER TABLE `employees`
  MODIFY `id` bigint(20) UNSIGNED NOT NULL AUTO_INCREMENT, AUTO_INCREMENT=94;

--
-- AUTO_INCREMENT for table `events`
--
ALTER TABLE `events`
  MODIFY `id` bigint(20) UNSIGNED NOT NULL AUTO_INCREMENT, AUTO_INCREMENT=4;

--
-- AUTO_INCREMENT for table `failed_jobs`
--
ALTER TABLE `failed_jobs`
  MODIFY `id` bigint(20) UNSIGNED NOT NULL AUTO_INCREMENT;

--
-- AUTO_INCREMENT for table `f_a_q_s`
--
ALTER TABLE `f_a_q_s`
  MODIFY `id` bigint(20) UNSIGNED NOT NULL AUTO_INCREMENT, AUTO_INCREMENT=2;

--
-- AUTO_INCREMENT for table `migrations`
--
ALTER TABLE `migrations`
  MODIFY `id` int(10) UNSIGNED NOT NULL AUTO_INCREMENT, AUTO_INCREMENT=29;

--
-- AUTO_INCREMENT for table `pages`
--
ALTER TABLE `pages`
  MODIFY `id` bigint(20) UNSIGNED NOT NULL AUTO_INCREMENT;

--
-- AUTO_INCREMENT for table `personal_access_tokens`
--
ALTER TABLE `personal_access_tokens`
  MODIFY `id` bigint(20) UNSIGNED NOT NULL AUTO_INCREMENT;

--
-- AUTO_INCREMENT for table `users`
--
ALTER TABLE `users`
  MODIFY `id` bigint(20) UNSIGNED NOT NULL AUTO_INCREMENT, AUTO_INCREMENT=2;
COMMIT;

/*!40101 SET CHARACTER_SET_CLIENT=@OLD_CHARACTER_SET_CLIENT */;
/*!40101 SET CHARACTER_SET_RESULTS=@OLD_CHARACTER_SET_RESULTS */;
/*!40101 SET COLLATION_CONNECTION=@OLD_COLLATION_CONNECTION */;
